,Team,NET Rank,SOS Rank,Non-Conf SOS Rank,kpi,sor,wab,bpi,kenpom,trank,q1_wins,q1_losses,q2_wins,q2_losses,q3_wins,q3_losses,q4_wins,q4_losses,berth,seed,overall_seed,autobid,year,predicted_proba,predictions
0,Duke,1,57,12,6,4,6,1,1,2,9,3,7,0,10,0,5,0,0,0,0,1,2025,1.0,1
83,Lipscomb,84,253,98,104,115,92,106,83,102,0,2,1,2,6,3,16,2,0,0,0,1,2025,1.0,1
34,UC San Diego,35,197,226,40,46,45,57,36,44,2,1,2,1,9,2,15,0,0,0,0,1,2025,1.0,1
46,Colorado State,47,84,139,44,49,47,53,42,38,3,5,7,2,4,2,11,0,0,0,0,1,2025,1.0,1
49,Memphis,50,90,4,14,14,23,46,52,61,6,1,5,2,10,2,7,0,0,0,0,1,2025,1.0,1
55,Drake,56,200,258,33,32,41,73,58,58,2,0,4,0,11,3,11,0,0,0,0,1,2025,1.0,1
57,McNeese,58,217,44,77,64,59,66,59,63,0,2,1,2,6,2,18,0,0,0,0,1,2025,1.0,1
59,Liberty,60,222,294,49,62,60,85,62,56,0,0,3,2,14,4,8,0,0,0,0,1,2025,1.0,1
71,Yale,72,263,216,74,75,77,67,74,79,0,1,2,1,6,3,13,2,0,0,0,1,2025,1.0,1
81,High Point,82,354,356,69,67,66,81,84,85,0,0,1,0,8,3,18,2,0,0,0,1,2025,1.0,1
90,Akron,91,297,191,63,66,65,112,99,101,0,1,1,2,7,3,18,0,0,0,0,1,2025,1.0,1
24,Michigan,25,26,126,8,16,12,29,26,26,12,7,4,2,7,0,2,0,0,0,0,1,2025,1.0,1
91,Grand Canyon,92,292,285,94,78,75,87,93,83,0,1,1,3,9,2,15,1,0,0,0,1,2025,1.0,1
98,Troy,99,170,64,107,102,97,109,98,103,0,3,2,1,5,3,14,3,0,0,0,1,2025,1.0,1
101,UNCW,102,329,321,88,84,83,111,105,109,0,1,0,0,8,3,17,3,0,0,0,1,2025,1.0,1
138,Robert Morris,139,335,316,110,101,95,168,139,150,0,1,2,0,9,4,14,3,0,0,0,1,2025,1.0,1
140,Bryant,141,312,193,164,143,140,131,149,153,0,1,0,3,3,2,18,5,0,0,0,1,2025,1.0,1
142,Montana,143,146,19,125,90,79,173,157,133,0,4,1,2,4,3,17,0,0,0,0,1,2025,1.0,1
159,Omaha,160,233,182,156,149,139,211,156,126,0,1,0,6,6,1,14,4,0,0,0,1,2025,1.0,1
235,Mount Saint Mary's,236,320,166,184,168,160,239,250,263,0,2,0,1,4,1,17,8,0,0,0,1,2025,1.0,1
30,VCU,31,133,275,36,48,51,33,30,29,2,1,6,4,6,0,13,1,0,0,0,1,2025,1.0,1
182,Norfolk State,183,245,100,167,122,114,171,180,195,0,2,1,2,4,3,16,3,0,0,0,1,2025,1.0,1
2,Houston,3,24,74,5,2,2,2,3,1,14,3,6,1,5,0,5,0,0,0,0,1,2025,1.0,1
3,Florida,4,23,262,3,3,3,4,2,4,11,4,9,0,4,0,6,0,0,0,0,1,2025,1.0,1
7,Gonzaga,8,73,30,26,39,35,10,9,11,5,5,5,3,5,0,10,0,0,0,0,1,2025,1.0,1
12,Saint John's,13,65,167,10,7,8,12,12,15,6,4,11,0,7,0,6,0,0,0,0,1,2025,1.0,1
215,SIUE,216,343,164,225,185,153,240,217,218,0,2,0,0,2,2,17,7,0,0,0,1,2025,0.9999999999999996,1
225,American,226,324,168,214,163,163,227,237,244,0,1,0,3,1,2,19,6,0,0,0,1,2025,0.9999999999999996,1
130,Wofford,131,184,104,133,187,187,139,120,145,0,1,2,4,6,9,9,1,0,0,0,1,2025,0.9999999999999503,1
273,Alabama State,274,262,60,256,252,203,276,273,274,0,3,0,3,3,1,15,8,0,0,0,1,2025,0.9999999716634763,1
1,Auburn,2,2,8,1,1,1,3,4,3,16,5,6,0,2,0,4,0,0,0,0,0,2025,0.9999999643363874,1
10,Michigan State,11,30,135,7,8,7,11,8,13,13,5,5,1,5,0,4,0,0,0,0,0,2025,0.9999995996078879,1
5,Alabama,6,1,9,2,6,4,6,6,5,11,8,8,0,4,0,2,0,0,0,0,0,2025,0.9999987933341806,1
14,Kentucky,15,3,46,9,12,9,17,16,17,11,10,1,1,4,0,6,0,0,0,0,0,2025,0.9999956237420803,1
4,Tennessee,5,8,129,4,5,5,5,5,6,11,7,5,0,5,0,6,0,0,0,0,0,2025,0.999994734678069,1
8,Iowa State,9,36,94,23,13,18,7,10,8,10,7,6,2,3,0,5,0,0,0,0,0,2025,0.9999944649510676,1
6,Texas Tech,7,47,296,21,10,15,8,7,7,10,5,3,3,6,0,6,0,0,0,0,0,2025,0.99999415713288,1
13,Wisconsin,14,31,114,15,9,10,18,11,12,8,8,10,1,2,0,6,0,0,0,0,0,2025,0.9999896427243985,1
9,Maryland,10,52,327,17,18,19,13,13,10,8,7,6,1,3,0,8,0,0,0,0,0,2025,0.9999664856399213,1
11,Arizona,12,4,34,25,20,16,9,14,9,10,11,4,1,4,0,4,0,0,0,0,0,2025,0.9999643185895382,1
28,Oregon,29,28,66,11,21,14,36,31,39,8,7,8,2,5,0,3,0,0,0,0,0,2025,0.9999137991144919,1
17,Texas A&M,18,6,36,13,17,11,22,17,22,7,9,9,1,1,0,5,0,0,0,0,0,2025,0.999877723923748,1
23,BYU,24,45,313,31,19,21,24,24,14,8,7,6,2,4,0,6,0,0,0,0,0,2025,0.9998382404452418,1
16,Illinois,17,10,22,22,30,25,23,20,23,8,10,7,2,0,0,6,0,0,0,0,0,2025,0.999777038260873,1
18,Purdue,19,13,10,12,27,20,21,19,18,7,10,9,1,2,0,4,0,0,0,0,0,2025,0.9997671941727092,1
26,UCLA,27,33,84,28,28,28,27,27,25,9,8,5,1,1,1,7,0,0,0,0,0,2025,0.9997052494181287,1
27,Ole Miss,28,5,71,18,22,13,32,25,28,8,10,5,1,2,0,7,0,0,0,0,0,2025,0.9996614384971326,1
22,Louisville,23,58,31,16,11,17,28,23,19,4,6,11,1,7,0,5,0,0,0,0,0,2025,0.998925313787654,1
15,Missouri,16,19,227,29,29,24,31,15,16,7,11,3,0,4,0,8,0,0,0,0,0,2025,0.998862312564597,1
19,Kansas,20,12,20,24,26,26,14,21,20,6,11,7,1,5,0,3,0,0,0,0,0,2025,0.9983099723648575,1
25,Marquette,26,40,13,30,23,29,20,28,31,6,8,7,2,5,0,5,0,0,0,0,0,2025,0.997957397757533,1
21,Clemson,22,76,78,19,15,22,15,18,21,5,3,8,2,8,1,6,0,0,0,0,0,2025,0.9978026852046871,1
33,Mississippi State,34,15,128,27,34,30,35,32,32,7,10,6,2,2,0,6,0,0,0,0,0,2025,0.9971099295718178,1
20,Saint Mary's College,21,92,106,20,25,27,30,22,24,4,3,6,2,7,0,10,0,0,0,0,0,2025,0.9903275226757788,1
37,Creighton,38,53,49,37,24,31,26,37,33,6,6,5,4,8,0,5,0,0,0,0,0,2025,0.9882202228323906,1
42,Oklahoma,43,11,143,42,36,32,43,38,46,7,11,4,1,2,1,7,0,0,0,0,0,2025,0.9817095524023405,1
31,Connecticut,32,54,63,46,31,36,16,35,35,6,6,7,3,4,1,6,0,0,0,0,0,2025,0.9674169001638743,1
296,Saint Francis (PA),297,208,40,273,330,236,307,311,301,0,4,0,1,2,3,11,9,0,0,0,1,2025,0.9249039586968912,1
32,Georgia,33,18,220,38,35,33,38,34,30,4,11,5,1,3,0,8,0,0,0,0,0,2025,0.8909497313714095,1
50,West Virginia,51,25,62,48,43,42,51,53,34,6,10,4,3,4,0,5,0,0,0,0,0,2025,0.8641530328473981,1
53,Indiana,54,34,158,35,50,48,52,48,55,4,13,5,0,6,0,4,0,0,0,0,0,2025,0.8625242249660937,1
29,Baylor,30,7,11,52,40,39,19,29,27,5,12,7,1,1,1,5,0,0,0,0,0,2025,0.8591533315262906,1
38,Texas,39,16,287,58,53,46,34,44,48,7,10,3,5,2,0,7,0,0,0,0,0,2025,0.8003547655566791,1
47,Vanderbilt,48,27,330,47,41,37,56,49,42,5,9,4,3,3,0,8,0,0,0,0,0,2025,0.7972027462808084,1
40,Ohio State,41,20,42,53,56,55,37,39,41,6,11,3,4,2,0,6,0,0,0,0,0,2025,0.7782216793084133,1
39,Arkansas,40,21,175,43,45,40,42,40,43,5,10,4,3,4,0,7,0,0,0,0,0,2025,0.7778805315081131,1
41,New Mexico,42,80,61,32,33,34,49,41,40,3,4,8,1,4,2,10,0,0,0,0,0,2025,0.7195231872959784,1
36,Utah State,37,86,105,34,37,38,44,51,49,2,4,8,3,5,0,10,0,0,0,0,0,2025,0.5120849433989054,1
51,San Diego State,52,64,7,39,47,44,54,46,54,3,6,5,2,4,1,8,0,0,0,0,0,2025,0.377609736579692,0
58,Nebraska,59,39,196,55,60,57,55,54,62,5,10,4,2,2,2,6,0,0,0,0,0,2025,0.3671467268924355,0
48,Cincinnati,49,48,253,66,59,61,40,55,45,3,12,7,3,2,0,6,0,0,0,0,0,2025,0.21616524379732557,0
35,North Carolina,36,42,5,54,38,43,25,33,36,1,12,8,0,7,1,6,0,0,0,0,0,2025,0.15778345850761252,0
43,Boise State,44,79,121,50,55,53,48,50,50,3,6,5,2,5,1,10,1,0,0,0,0,2025,0.13079319642136078,0
44,Xavier,45,60,144,60,42,49,39,43,37,1,9,8,2,5,0,7,0,0,0,0,0,2025,0.12472961189359978,0
52,Northwestern,53,46,303,65,71,70,47,45,53,3,12,6,3,3,1,5,0,0,0,0,0,2025,0.1073593437232068,0
61,UC Irvine,62,155,213,41,57,54,95,66,80,1,1,3,2,12,3,11,0,0,0,0,0,2025,0.053740381003505776,0
66,Dayton,67,96,55,51,58,62,72,73,78,3,3,2,6,10,1,6,0,0,0,0,0,2025,0.04671339408500438,0
94,Minnesota,95,49,336,67,89,86,90,89,86,7,8,1,7,1,2,6,0,0,0,0,0,2025,0.02603484451655182,0
68,Wake Forest,69,62,51,59,44,50,62,71,71,2,8,6,1,7,2,6,0,0,0,0,0,2025,0.02585866200142658,0
74,Kansas State,75,32,172,73,72,72,63,67,57,5,10,3,6,3,1,5,0,0,0,0,0,2025,0.021215659091441463,0
45,SMU,46,95,289,62,52,58,45,47,47,0,5,6,5,12,0,5,0,0,0,0,0,2025,0.016569881881810824,0
70,UCF,71,41,207,75,65,67,64,68,69,3,11,3,5,6,0,5,0,0,0,0,0,2025,0.015400162211809558,0
77,TCU,78,29,82,71,68,64,68,87,74,4,12,4,4,3,0,5,0,0,0,0,0,2025,0.011123743081119441,0
62,Iowa,63,37,235,79,69,63,59,64,66,2,15,6,0,2,1,7,0,0,0,0,0,2025,0.007744082450700106,0
67,George Mason,68,114,185,45,51,56,70,78,70,1,4,4,0,9,3,11,1,0,0,0,0,2025,0.006928105546757014,0
63,San Francisco,64,87,181,57,54,52,75,65,60,1,6,3,3,8,0,11,0,0,0,0,0,2025,0.006390480123650633,0
107,Utah Valley,108,287,283,119,86,87,126,114,111,0,0,0,5,10,2,13,1,0,0,0,0,2025,0.005282877883951472,0
76,Rutgers,77,35,163,83,77,78,76,75,68,4,13,3,2,2,2,6,0,0,0,0,0,2025,0.004604345084823821,0
64,North Texas,65,140,119,72,63,68,80,72,73,0,3,4,2,9,2,9,1,0,0,0,0,2025,0.00417443234984757,0
73,Arizona State,74,9,25,82,81,80,77,70,65,4,14,3,4,2,1,4,0,0,0,0,0,2025,0.004093866258014726,0
69,USC,70,43,255,68,83,81,60,63,59,3,13,4,2,3,2,6,0,0,0,0,0,2025,0.0036626882246288224,0
80,Stanford,81,78,249,76,70,73,88,82,75,2,8,2,4,7,0,9,1,0,0,0,0,2025,0.002237641114246825,0
79,Bradley,80,168,297,56,73,69,92,95,100,1,0,2,6,11,2,11,0,0,0,0,0,2025,0.002146913488985627,0
54,Villanova,55,66,215,95,61,71,41,56,52,2,7,5,4,5,2,7,1,0,0,0,0,2025,0.0017329070401954337,0
72,Utah,73,50,264,96,74,76,61,76,67,2,12,4,4,2,0,8,0,0,0,0,0,2025,0.0007129803275178618,0
56,Santa Clara,57,98,159,61,88,84,69,57,51,2,4,4,3,5,4,9,1,0,0,0,0,2025,0.0006158762203689671,0
65,Penn State,66,56,340,86,80,82,58,60,64,2,10,3,3,4,2,7,0,0,0,0,0,2025,0.0004947665567072585,0
114,Chattanooga,115,210,134,87,96,88,134,110,135,0,3,3,0,7,4,12,2,0,0,0,0,2025,0.0004865501998541503,0
118,Cornell,119,311,343,139,128,131,118,128,125,0,1,1,3,3,4,12,3,0,0,0,0,2025,0.00023670105756022693,0
126,Furman,127,247,245,80,99,94,136,137,142,0,1,3,1,7,6,12,1,0,0,0,0,2025,0.00021992374601753287,0
149,Charleston,150,291,282,91,98,109,123,153,160,0,0,1,3,9,5,13,1,0,0,0,0,2025,0.0001467779615756277,0
93,Arkansas State,94,216,149,89,104,108,91,91,95,1,1,2,3,4,4,16,2,0,0,0,0,2025,0.00013078935087162228,0
75,Saint Joseph's,76,124,238,64,92,111,71,79,82,1,3,3,4,8,3,10,2,0,0,0,0,2025,9.650962379377359e-05,0
146,Miami (OH),147,280,222,111,108,101,143,151,146,0,2,1,2,5,2,17,3,0,0,0,0,2025,9.483277818189147e-05,0
85,Colorado,86,22,86,101,91,93,82,81,81,2,15,4,5,3,0,5,0,0,0,0,0,2025,9.429624374315354e-05,0
95,Oklahoma State,96,44,310,112,76,85,103,100,87,1,14,5,2,3,1,6,0,0,0,0,0,2025,9.407912966403487e-05,0
60,Pittsburgh,61,68,69,92,79,89,50,61,72,1,9,4,3,5,3,7,0,0,0,0,0,2025,9.137417986579628e-05,0
167,Central Connecticut,168,363,319,183,114,100,167,183,194,0,0,1,1,1,1,21,5,0,0,0,0,2025,6.174772849937685e-05,0
88,LSU,89,17,272,105,85,74,74,88,84,2,15,2,3,2,0,8,0,0,0,0,0,2025,1.9474188726219176e-05,0
96,Saint Bonaventure,97,119,309,84,87,91,110,103,92,0,3,4,4,9,3,8,1,0,0,0,0,2025,9.300753231576833e-06,0
116,Washington,117,38,254,109,105,112,107,108,118,3,12,3,4,1,2,5,0,0,0,0,0,2025,6.446188160581033e-06,0
103,UAB,104,187,352,100,106,119,99,102,99,0,2,4,2,5,5,12,2,0,0,0,0,2025,6.305399018741707e-06,0
122,South Alabama,123,261,219,158,136,130,138,121,136,0,1,1,4,5,1,13,5,0,0,0,0,2025,5.658518216719849e-06,0
117,Saint Thomas,118,299,271,142,134,122,149,127,114,0,1,1,3,6,5,14,1,0,0,0,0,2025,4.359589139151742e-06,0
113,Northern Colorado,114,276,130,143,111,104,128,122,119,0,1,0,2,6,5,16,1,0,0,0,0,2025,4.307652561947196e-06,0
87,Georgetown,88,71,342,129,82,98,84,86,94,1,8,4,4,3,3,9,0,0,0,0,0,2025,3.3901044374886692e-06,0
86,South Carolina,87,14,234,106,110,99,79,69,76,1,16,2,3,3,0,6,1,0,0,0,0,2025,3.3420849852685753e-06,0
108,Georgia Tech,109,70,199,123,94,113,94,94,90,3,7,0,7,5,1,9,1,0,0,0,0,2025,2.8473657417061525e-06,0
97,UNLV,98,77,81,97,103,102,96,92,89,1,8,2,6,6,0,9,1,0,0,0,0,2025,2.299332707332943e-06,0
82,Butler,83,51,53,135,97,118,65,77,77,1,11,4,6,4,1,5,1,0,0,0,0,2025,1.929367960073482e-06,0
89,Florida State,90,83,266,122,93,116,86,90,93,1,6,2,6,6,2,8,1,0,0,0,0,2025,1.5947566956707293e-06,0
84,Oregon State,85,101,244,113,109,90,98,85,91,1,7,2,2,4,1,12,2,0,0,0,0,2025,1.5294464857789276e-06,0
135,North Dakota State,136,281,260,150,151,136,174,133,122,1,0,2,2,3,6,12,3,0,0,0,0,2025,1.4330983874878402e-06,0
134,Milwaukee,135,300,212,134,144,141,146,144,163,0,1,1,1,6,7,12,2,0,0,0,0,2025,1.3164479707007099e-06,0
104,Cal State Northridge,105,182,301,117,120,107,133,107,128,1,2,0,3,6,4,13,1,0,0,0,0,2025,1.269926835910517e-06,0
128,Belmont,129,180,315,93,116,117,162,129,130,0,1,2,4,9,5,10,1,0,0,0,0,2025,1.0250598463048236e-06,0
106,Loyola-Chicago,107,136,354,78,95,103,101,109,98,0,3,1,4,11,4,9,0,0,0,0,0,2025,9.915783181222634e-07,0
112,North Alabama,113,282,252,144,133,120,155,111,112,0,1,0,3,2,6,20,0,0,0,0,0,2025,9.66267716713016e-07,0
105,Middle Tennessee,106,137,145,70,112,110,141,119,120,0,2,1,5,14,4,5,0,0,0,0,0,2025,9.286015920051728e-07,0
92,Northern Iowa,93,178,279,81,141,129,113,101,117,0,1,2,6,10,4,7,1,0,0,0,0,2025,6.263136423590685e-07,0
109,Virginia,110,63,39,124,100,115,100,104,96,2,9,1,5,5,2,7,1,0,0,0,0,2025,5.374776850502599e-07,0
115,Samford,116,181,111,99,113,106,115,116,137,0,2,3,2,5,6,12,0,0,0,0,0,2025,3.538193238728819e-07,0
150,Towson,151,241,152,114,124,124,145,154,168,0,1,1,2,8,6,12,2,0,0,0,0,2025,2.630857553622757e-07,0
123,George Washington,124,214,362,120,126,135,116,113,116,0,1,2,5,5,5,13,1,0,0,0,0,2025,2.5164911700416357e-07,0
111,Washington State,112,93,150,116,107,105,114,124,106,1,7,3,5,4,0,11,2,0,0,0,0,2025,2.432989687511259e-07,0
165,Princeton,166,229,293,118,125,128,132,178,206,0,1,2,4,5,4,10,2,0,0,0,0,2025,2.0314124925288376e-07,0
141,UC Riverside,142,103,33,98,119,96,200,145,151,1,5,3,1,5,4,10,2,0,0,0,0,2025,1.5910125496095603e-07,0
121,Jacksonville State,122,154,247,90,135,123,153,123,132,0,2,2,3,11,5,6,2,0,0,0,0,2025,1.0315117300632101e-07,0
100,Saint Louis,101,106,218,85,121,133,108,106,108,0,3,1,8,9,3,7,0,0,0,0,0,2025,6.88926743941532e-08,0
147,East Tennessee State,148,309,347,152,175,182,151,141,166,0,0,2,3,3,7,12,3,0,0,0,0,2025,5.8405804156387307e-08,0
162,Winthrop,163,237,211,136,127,125,156,163,170,0,2,0,3,4,4,16,2,0,0,0,0,2025,5.1274831279176504e-08,0
157,James Madison,158,249,171,108,145,146,137,162,158,0,2,0,3,6,6,12,1,0,0,0,0,2025,2.403945070335144e-08,0
137,UNCG,138,236,187,137,152,147,125,143,169,0,2,3,1,4,6,10,3,0,0,0,0,2025,2.3727835363806007e-08,0
102,Notre Dame,103,74,68,146,117,143,89,96,97,0,8,4,7,5,1,6,2,0,0,0,0,2025,2.1563295381066958e-08,0
127,Kent State,128,199,77,115,131,121,129,136,127,0,2,0,2,5,5,15,2,0,0,0,0,2025,1.3887327611490135e-08,0
78,Nevada,79,88,173,126,129,126,78,80,88,1,7,2,6,4,3,10,0,0,0,0,0,2025,1.2897759358225531e-08,0
125,Louisiana Tech,126,190,318,103,150,137,140,126,134,0,2,2,1,8,8,7,1,0,0,0,0,2025,1.1210899234403134e-08,0
151,Rhode Island,152,206,359,127,139,156,135,150,161,0,1,2,5,5,6,10,1,0,0,0,0,2025,7.803955501986753e-09,0
176,Marshall,177,294,270,163,169,176,179,169,171,0,1,0,3,3,5,15,4,0,0,0,0,2025,5.978607764679492e-09,0
245,Marist,246,364,364,211,173,155,263,271,284,0,0,0,0,1,1,19,9,0,0,0,0,2025,5.1747037064568865e-09,0
173,Cleveland State,174,277,127,151,157,154,170,168,173,0,2,0,2,6,6,12,2,0,0,0,0,2025,5.094618785552642e-09,0
133,Wichita State,134,129,186,141,130,145,120,135,140,0,4,4,2,8,3,6,5,0,0,0,0,2025,4.186144192286235e-09,0
191,UNC Asheville,192,226,148,148,137,127,190,198,225,0,2,0,2,3,5,14,2,0,0,0,0,2025,2.455124968310985e-09,0
99,Providence,100,59,180,149,132,161,83,97,104,1,9,2,8,3,3,6,0,0,0,0,0,2025,1.8859652693447514e-09,0
136,Kennesaw State,137,138,206,102,158,158,185,130,124,1,1,2,4,8,8,5,1,0,0,0,0,2025,1.7234134686460144e-09,0
189,Youngstown State,190,325,312,182,178,183,188,202,213,0,1,0,2,7,5,12,5,0,0,0,0,2025,1.4463180857045973e-09,0
190,Quinnipiac,191,317,165,195,183,181,202,213,210,0,2,0,1,1,2,18,8,0,0,0,0,2025,1.272094309614829e-09,0
160,Radford,161,162,101,155,142,144,176,152,154,0,4,0,3,3,3,15,3,0,0,0,0,2025,3.8044621510802525e-10,0
119,DePaul,120,61,259,170,118,138,105,118,113,0,11,3,5,3,3,8,0,0,0,0,0,2025,3.5874576582859967e-10,0
231,Vermont,232,302,210,185,159,159,184,243,234,0,2,1,0,3,3,15,7,0,0,0,0,2025,2.773797764603638e-10,0
120,Illinois State,121,173,286,121,155,164,124,140,131,0,1,1,5,7,6,10,2,0,0,0,0,2025,2.677865648834387e-10,0
132,Syracuse,133,67,45,147,123,148,97,117,107,0,10,2,6,6,3,6,0,0,0,0,0,2025,2.2597444849172677e-10,0
129,South Dakota State,130,164,73,169,146,132,158,134,129,0,2,1,3,5,4,11,3,0,0,0,0,2025,2.211125785789801e-10,0
144,Tulane,145,204,325,174,154,174,127,138,138,0,3,0,5,5,4,12,2,0,0,0,0,2025,1.5548195328418793e-10,0
155,Purdue Fort Wayne,156,256,124,168,172,168,148,164,175,0,3,1,0,4,7,12,3,0,0,0,0,2025,1.52319447948437e-10,0
153,UIC,154,152,230,130,153,166,154,174,190,0,2,4,2,4,7,7,3,0,0,0,0,2025,1.4787778030860557e-10,0
124,California,125,72,108,154,140,162,104,112,121,1,8,1,7,4,3,8,1,0,0,0,0,2025,1.4767585464224763e-10,0
175,East Carolina,176,232,334,161,156,180,159,176,182,0,1,2,3,4,8,11,2,0,0,0,0,2025,1.1309148373711285e-10,0
110,FAU,111,112,103,140,138,157,102,115,110,0,4,2,4,3,5,12,2,0,0,0,0,2025,1.0019945248316248e-10,0
207,Southeastern Louisiana,208,284,237,236,184,195,232,194,208,0,2,0,2,2,3,14,7,0,0,0,0,2025,8.873575485054943e-11,0
168,Lamar,169,166,59,187,160,149,214,166,174,0,3,0,3,4,2,13,5,0,0,0,0,2025,4.690760506234261e-11,0
181,Jacksonville,182,176,56,172,167,152,225,179,191,0,3,0,4,5,2,12,4,0,0,0,0,2025,4.1574412135662873e-11,0
158,Western Kentucky,159,128,122,132,174,172,198,159,159,1,2,0,5,9,5,5,3,0,0,0,0,2025,2.7646177440766704e-11,0
139,UC Santa Barbara,140,193,363,160,171,150,157,147,147,0,3,0,3,5,5,14,2,0,0,0,0,2025,1.3665010977054988e-11,0
208,Dartmouth,209,305,355,218,211,207,187,205,176,0,1,0,3,4,2,8,8,0,0,0,0,2025,1.1961605566276915e-11,0
143,New Mexico State,144,123,110,131,180,173,164,131,105,1,3,3,2,4,7,6,3,0,0,0,0,2025,1.1292624891292785e-11,0
161,Loyola-Marymount,162,99,231,153,161,134,169,155,148,0,7,1,4,7,1,8,3,0,0,0,0,2025,6.8978046539348015e-12,0
206,Northeastern,207,319,339,191,206,220,193,209,196,0,1,0,1,5,7,12,6,0,0,0,0,2025,6.363673128758892e-12,0
178,Ohio,179,293,291,162,216,234,152,200,184,0,1,0,3,5,6,10,6,0,0,0,0,2025,5.5400304715922154e-12,0
156,UTEP,157,134,201,128,176,177,196,158,143,1,1,1,6,7,8,6,0,0,0,0,0,2025,3.327298137465808e-12,0
214,Brown,215,191,203,188,170,165,191,208,201,0,3,1,1,3,3,9,6,0,0,0,0,2025,3.1874994605528697e-12,0
163,Temple,164,196,326,181,165,191,142,171,157,0,2,2,3,5,7,9,3,0,0,0,0,2025,2.5244541200843534e-12,0
170,Nicholls,171,171,35,165,162,151,180,173,167,0,4,1,0,2,7,14,2,0,0,0,0,2025,1.4756931665548583e-12,0
131,North Carolina State,132,75,93,179,148,175,93,125,115,0,8,2,8,2,3,8,0,0,0,0,0,2025,1.2467808234602487e-12,0
234,Delaware,235,271,243,213,191,301,228,232,235,0,1,1,1,2,11,11,7,0,0,0,0,2025,1.0596259100240225e-12,0
166,Virginia Tech,167,82,184,166,147,185,122,161,144,0,5,4,10,3,3,6,1,0,0,0,0,2025,1.0478553923177417e-12,0
251,Iona,252,357,324,234,238,277,251,258,242,0,1,0,0,2,4,15,12,0,0,0,0,2025,7.090024009403288e-13,0
330,Southern Indiana,331,362,341,342,199,330,333,336,335,0,0,0,1,0,6,8,13,0,0,0,0,2025,4.709631131908764e-13,0
186,Eastern Kentucky,187,169,70,201,181,170,224,182,177,0,3,1,2,4,4,11,5,0,0,0,0,2025,4.14252791781143e-13,0
309,Holy Cross,310,332,233,310,204,306,315,320,329,0,1,0,1,2,4,9,13,0,0,0,0,2025,4.12049265964518e-13,0
289,Boston University,290,358,331,308,203,259,275,305,317,0,1,0,0,1,3,14,12,0,0,0,0,2025,2.87727426115421e-13,0
198,Queens,199,185,118,189,182,171,231,203,192,0,3,1,2,2,5,14,4,0,0,0,0,2025,2.233062695099462e-13,0
145,Murray State,146,139,208,138,201,210,121,142,162,1,1,2,6,5,7,7,3,0,0,0,0,2025,1.7392979053288127e-13,0
228,Northern Kentucky,229,238,97,193,202,221,234,234,250,0,1,0,4,4,7,11,4,0,0,0,0,2025,5.25748057185333e-14,0
152,Davidson,153,122,209,157,164,184,130,148,141,0,5,1,2,4,9,11,0,0,0,0,0,2025,4.564715379506444e-14,0
174,San Jose State,175,94,335,194,179,201,181,165,152,0,7,1,6,5,4,7,2,0,0,0,0,2025,2.869299049243188e-14,0
202,Maine,203,331,298,224,237,204,183,218,233,0,1,0,0,4,6,14,7,0,0,0,0,2025,2.2906819781492438e-14,0
237,Toledo,238,157,67,159,177,178,212,240,253,0,3,0,4,5,4,12,4,0,0,0,0,2025,2.123890467400485e-14,0
343,Sacramento State,344,289,228,358,189,353,336,343,348,0,1,0,3,0,8,4,13,0,0,0,0,2025,1.806436747485014e-14,0
197,Texas State,198,283,299,216,242,233,195,196,212,0,0,1,5,4,6,9,5,0,0,0,0,2025,1.5859087604297334e-14,0
201,Boston College,202,91,292,203,166,199,161,184,172,1,7,0,8,2,3,9,1,0,0,0,0,2025,1.469847481480912e-14,0
179,Cal Poly,180,111,80,176,188,225,236,181,178,0,5,1,5,3,8,11,1,0,0,0,0,2025,1.2112823631072653e-14,0
223,Southern,224,209,23,228,186,142,220,233,215,0,5,1,0,0,2,16,5,0,0,0,0,2025,1.0993243273939454e-14,0
321,Niagara,322,340,257,314,239,319,299,321,327,0,1,0,2,1,2,9,15,0,0,0,0,2025,1.0718214167479497e-14,0
255,Harvard,256,225,274,222,205,212,246,256,238,0,2,1,2,2,5,8,6,0,0,0,0,2025,8.528277793759158e-15,0
169,Appalachian State,170,244,115,175,254,188,163,170,164,0,2,0,3,4,3,11,6,0,0,0,0,2025,7.929123428553657e-15,0
288,Bowling Green,289,321,314,296,215,285,284,290,275,0,1,0,2,2,6,10,9,0,0,0,0,2025,7.640833071345482e-15,0
271,Columbia,272,272,329,268,214,222,241,279,299,1,1,0,3,0,4,9,7,0,0,0,0,2025,6.7866845635330485e-15,0
292,Old Dominion,293,295,261,253,231,307,287,284,293,0,1,1,2,3,7,9,10,0,0,0,0,2025,6.6009836585142195e-15,0
232,South Dakota,233,259,248,220,220,189,257,241,237,0,3,0,2,3,5,13,4,0,0,0,0,2025,6.344055960148443e-15,0
172,FGCU,173,255,146,177,248,186,178,172,165,0,1,1,4,2,5,14,4,0,0,0,0,2025,5.171637910850017e-15,0
354,New Hampshire,355,318,284,348,212,351,351,355,356,0,2,0,0,0,8,6,14,0,0,0,0,2025,5.013510947760829e-15,0
311,Stonehill,312,338,267,316,228,270,330,322,328,0,1,0,2,1,3,12,11,0,0,0,0,2025,4.726514836809726e-15,0
222,Hawaii,223,156,288,199,195,206,256,224,231,0,2,0,6,1,6,12,2,0,0,0,0,2025,3.1116503374194556e-15,0
268,Idaho,269,251,162,282,196,283,285,276,252,0,1,0,4,3,7,9,7,0,0,0,0,2025,2.5613026297982515e-15,0
183,Elon,184,296,273,208,278,219,208,197,228,0,1,2,0,4,7,9,7,0,0,0,0,2025,2.2819741614573893e-15,0
262,Albany,263,356,349,272,247,258,245,270,276,0,0,0,2,2,5,13,9,0,0,0,0,2025,2.2772076663162343e-15,0
282,Lafayette,283,353,311,328,240,323,272,289,294,0,1,0,2,0,5,12,12,0,0,0,0,2025,2.2620168069624384e-15,0
233,Little Rock,234,308,92,237,256,198,249,227,254,0,2,0,1,2,4,15,7,0,0,0,0,2025,1.792191576562233e-15,0
254,Georgia Southern,255,275,194,217,229,226,255,251,249,0,2,0,3,1,6,15,5,0,0,0,0,2025,1.762558232592243e-15,0
194,Southern Illinois,195,142,138,186,197,254,207,193,180,0,1,0,7,6,9,6,2,0,0,0,0,2025,1.3286969708101799e-15,0
242,Manhattan,243,348,236,242,295,197,264,236,259,0,1,0,1,2,1,14,10,0,0,0,0,2025,9.845531198841818e-16,0
314,IU Indianapolis,315,260,137,317,198,331,335,314,314,0,2,0,1,1,11,6,8,0,0,0,0,2025,7.07728089490286e-16,0
184,Drexel,185,349,358,197,274,230,175,187,186,0,0,0,1,4,11,13,3,0,0,0,0,2025,4.82539689756876e-16,0
352,Stetson,353,240,131,345,193,343,354,352,352,0,2,0,2,1,7,5,13,0,0,0,0,2025,4.681433672165975e-16,0
303,Fairleigh Dickinson,304,288,132,327,213,309,295,308,304,0,3,0,1,0,6,10,10,0,0,0,0,2025,3.981001326565139e-16,0
327,Coastal Carolina,328,341,357,331,241,335,331,329,324,0,0,0,3,1,8,7,11,0,0,0,0,2025,3.1263782248459886e-16,0
306,Army,307,344,265,286,245,231,300,324,312,0,1,0,1,0,3,14,10,0,0,0,0,2025,2.786079749000042e-16,0
275,Ball State,276,336,350,289,258,275,259,275,273,0,1,1,1,2,6,8,9,0,0,0,0,2025,2.1021580835531586e-16,0
193,Idaho State,194,254,102,275,235,214,233,210,205,0,3,0,1,1,7,11,4,0,0,0,0,2025,1.898525426922557e-16,0
185,Montana State,186,192,79,239,209,245,172,186,187,0,3,0,3,2,8,12,4,0,0,0,0,2025,1.8019381591153482e-16,0
203,Rice,204,234,360,281,221,261,194,189,179,0,2,1,4,1,7,11,5,0,0,0,0,2025,1.7636574355352692e-16,0
359,Alabama A&M,360,334,174,353,251,336,358,360,358,0,1,0,3,0,3,7,15,0,0,0,0,2025,1.456023859276273e-16,0
315,Howard,316,218,91,338,190,266,314,312,302,0,4,0,0,1,3,9,11,0,0,0,0,2025,1.4304276023119124e-16,0
220,UMass,221,135,295,204,207,276,177,214,211,0,3,1,5,5,7,5,5,0,0,0,0,2025,9.990432670870392e-17,0
230,UTA,231,230,256,271,222,267,210,226,239,0,2,0,4,3,7,8,5,0,0,0,0,2025,7.936079091469594e-17,0
350,Bellarmine,351,211,142,361,200,357,348,341,338,0,2,0,3,0,7,3,14,0,0,0,0,2025,7.722069374089956e-17,0
240,UMKC,241,223,157,284,208,302,209,235,229,0,2,1,2,1,10,7,6,0,0,0,0,2025,6.76318649966122e-17,0
326,Fairfield,327,351,320,290,279,324,303,333,337,0,0,0,2,0,4,11,14,0,0,0,0,2025,4.223784627097304e-17,0
188,South Florida,189,127,170,207,194,244,147,195,202,0,3,1,5,1,9,10,2,0,0,0,0,2025,4.1267443329497295e-17,0
274,North Dakota,275,186,136,285,210,308,282,265,241,0,2,0,4,5,7,4,8,0,0,0,0,2025,3.575895636979635e-17,0
148,Duquesne,149,143,333,145,275,257,117,132,123,0,1,3,7,6,6,3,5,0,0,0,0,2025,2.884105965477599e-17,0
187,Southeast Missouri,188,330,117,198,324,167,243,204,197,0,1,0,2,2,3,16,6,0,0,0,0,2025,2.2623355872616746e-17,0
310,Binghamton,311,355,344,307,260,280,309,318,316,0,1,0,0,0,7,12,9,0,0,0,0,2025,1.8607486410555025e-17,0
221,Campbell,222,265,217,259,263,249,217,221,223,0,2,0,2,3,6,10,7,0,0,0,0,2025,1.4085822718296667e-17,0
211,Hampton,212,266,246,202,285,228,222,215,204,0,1,0,4,3,6,11,5,0,0,0,0,2025,1.2199732957755787e-17,0
212,Bucknell,213,257,85,243,261,202,215,225,214,0,3,0,1,1,3,17,8,0,0,0,0,2025,1.0987478640124977e-17,0
204,Indiana State,205,159,290,210,227,242,182,201,203,0,2,0,6,3,7,9,3,0,0,0,0,2025,1.0622303357870955e-17,0
267,Eastern Michigan,268,342,346,227,277,247,281,281,271,0,0,0,2,3,10,12,4,0,0,0,0,2025,9.427971027941874e-18,0
270,Tulsa,271,203,348,262,218,294,235,268,240,0,2,1,4,4,7,6,7,0,0,0,0,2025,9.419905585166479e-18,0
246,Colgate,247,316,195,280,269,300,230,260,272,0,1,1,2,0,8,12,8,0,0,0,0,2025,8.0627901280805e-18,0
164,Texas A&M-Corpus Christi,165,167,28,206,246,169,160,160,149,0,4,0,1,1,4,15,5,0,0,0,0,2025,7.758106569863815e-18,0
209,Longwood,210,264,268,192,292,192,189,211,230,0,1,0,3,5,4,10,6,0,0,0,0,2025,6.729764512962659e-18,0
258,Siena,259,345,277,246,327,289,278,253,269,0,1,1,0,1,6,12,11,0,0,0,0,2025,5.5954021787894055e-18,0
250,UTRGV,251,175,52,241,230,200,261,242,236,0,4,0,1,0,5,12,5,0,0,0,0,2025,4.383499357540833e-18,0
236,UC Davis,237,141,205,205,234,218,260,246,243,0,2,1,6,4,5,8,4,0,0,0,0,2025,4.35398683411794e-18,0
356,Canisius,357,242,72,354,264,364,356,359,355,0,2,0,2,0,4,3,20,0,0,0,0,2025,3.910724538248239e-18,0
217,Hofstra,218,274,183,250,286,269,204,220,226,0,1,1,1,6,7,6,9,0,0,0,0,2025,3.2013231785948896e-18,0
319,Louisiana,320,231,178,263,236,312,298,316,305,0,1,1,4,1,7,9,9,0,0,0,0,2025,3.058277640996908e-18,0
320,Florida A&M,321,115,1,292,192,209,329,317,326,0,6,0,1,0,1,12,9,0,0,0,0,2025,1.7415481937215967e-18,0
307,Loyola-Maryland,308,352,302,333,294,311,302,306,310,0,1,0,1,1,4,10,13,0,0,0,0,2025,1.436916382729564e-18,0
295,UMBC,296,326,300,302,296,305,273,298,318,0,1,0,2,3,4,7,12,0,0,0,0,2025,1.4126222002530356e-18,0
269,Navy,270,361,351,313,305,313,253,272,287,0,0,0,1,2,5,12,13,0,0,0,0,2025,1.1374539247502232e-18,0
227,Abilene Christian,228,189,147,238,249,217,244,219,200,0,2,0,2,5,7,8,5,0,0,0,0,2025,8.494542283531469e-19,0
239,Presbyterian College,240,306,332,258,320,281,226,231,256,0,0,0,3,5,5,6,10,0,0,0,0,2025,7.895816146951518e-19,0
304,Delaware State,305,323,224,293,271,213,289,307,313,0,1,0,2,1,4,11,7,0,0,0,0,2025,7.873781102078122e-19,0
199,Portland State,200,337,328,244,318,190,229,207,183,0,0,0,3,3,5,13,5,0,0,0,0,2025,7.715865391418162e-19,0
305,Southern Utah,306,188,133,304,223,278,306,295,325,0,2,0,3,2,7,7,7,0,0,0,0,2025,4.919569161570682e-19,0
253,Sacred Heart,254,347,281,261,322,290,265,263,248,0,1,0,0,1,7,13,10,0,0,0,0,2025,3.8909250155383562e-19,0
362,Arkansas-Pine Bluff,363,194,32,364,255,346,363,363,363,0,5,0,0,0,1,4,19,0,0,0,0,2025,3.4702593471663696e-19,0
294,Pacific,295,100,123,309,226,310,316,283,279,0,6,1,6,3,3,3,9,0,0,0,0,2025,3.266991617359389e-19,0
256,Evansville,257,148,188,233,244,297,269,262,261,0,3,1,4,5,9,4,5,0,0,0,0,2025,2.8618343203360137e-19,0
280,Lehigh,281,278,75,330,290,296,270,282,300,0,3,0,1,0,2,9,13,0,0,0,0,2025,2.7559316666010627e-19,0
241,UMass-Lowell,242,313,263,248,293,224,192,244,264,0,1,0,2,1,6,13,6,0,0,0,0,2025,2.3031755842839915e-19,0
252,Richmond,253,109,278,221,224,299,223,238,224,0,4,0,5,4,10,4,3,0,0,0,0,2025,1.7845568824786312e-19,0
302,Penn,303,150,141,279,219,274,271,292,303,0,5,0,2,0,6,8,6,0,0,0,0,2025,1.6535842782115957e-19,0
218,Central Michigan,219,132,17,245,266,223,221,199,222,1,3,1,3,0,5,8,6,0,0,0,0,2025,1.5077133571857778e-19,0
349,Le Moyne,350,314,229,351,291,341,344,354,347,0,1,0,3,1,4,6,15,0,0,0,0,2025,1.4882573071252293e-19,0
249,Tennessee State,250,350,221,264,337,256,267,252,232,0,1,0,1,1,5,13,9,0,0,0,0,2025,8.085048004507944e-20,0
247,Northern Arizona,248,346,353,277,313,235,248,247,246,0,0,0,2,1,7,13,6,0,0,0,0,2025,6.535327826366939e-20,0
283,Eastern Washington,284,202,88,315,243,325,308,294,278,0,2,0,4,1,9,7,7,0,0,0,0,2025,5.534722287418711e-20,0
335,Mercyhurst,336,327,232,319,299,248,345,342,333,0,2,0,3,0,1,12,10,0,0,0,0,2025,4.756402274211546e-20,0
285,Saint Peter's,286,359,304,291,331,265,262,299,295,0,0,0,1,1,3,10,12,0,0,0,0,2025,4.529587518594488e-20,0
265,Gardner-Webb,266,212,192,260,283,295,266,264,268,0,2,0,4,1,6,10,8,0,0,0,0,2025,3.090926762233636e-20,0
277,Fresno State,278,81,204,287,225,315,274,255,258,0,7,0,8,0,7,6,4,0,0,0,0,2025,3.066634689545863e-20,0
316,Morehead State,317,303,76,288,303,262,311,327,321,0,2,0,1,3,3,9,11,0,0,0,0,2025,2.8379939522979884e-20,0
340,Buffalo,341,239,160,311,262,329,352,340,345,0,2,0,3,0,9,7,8,0,0,0,0,2025,2.2240710022300794e-20,0
281,Austin Peay,282,172,83,267,257,268,290,274,283,0,2,1,4,2,6,9,7,0,0,0,0,2025,2.1322407828651382e-20,0
180,Merrimack,181,235,50,180,355,196,201,188,198,0,2,1,3,0,1,17,9,0,0,0,0,2025,1.7404637855054655e-20,0
276,Bethune-Cookman,277,198,41,255,259,205,288,288,296,0,4,0,2,1,4,16,6,0,0,0,0,2025,1.4514605071130384e-20,0
259,FIU,260,228,361,270,280,333,292,254,265,0,1,0,4,3,15,5,3,0,0,0,0,2025,1.3635425300677392e-20,0
195,South Carolina State,196,301,176,223,328,179,197,190,188,0,2,0,2,0,6,17,3,0,0,0,0,2025,1.2922066672561276e-20,0
290,Tennessee-Martin,291,328,125,306,336,304,293,291,288,0,1,1,1,1,4,9,13,0,0,0,0,2025,1.1596023947741005e-20,0
323,San Diego,324,107,242,341,233,345,322,296,292,0,6,0,6,0,5,5,10,0,0,0,0,2025,1.1489229145210845e-20,0
328,Detroit,329,250,155,320,273,342,347,337,346,0,2,0,2,2,11,5,9,0,0,0,0,2025,1.0521790775911398e-20,0
260,Mercer,261,267,306,230,298,288,247,261,277,0,0,0,7,3,10,9,2,0,0,0,0,2025,8.65633969696633e-21,0
348,ULM,349,310,337,350,308,358,338,350,344,0,0,1,3,2,8,2,14,0,0,0,0,2025,6.88383251525425e-21,0
299,Denver,300,248,251,305,272,318,334,309,270,0,1,0,3,2,11,6,6,0,0,0,0,2025,6.099186626149535e-21,0
317,Eastern Illinois,318,227,26,322,276,286,321,315,315,0,3,0,2,0,4,9,10,0,0,0,0,2025,4.369841657268067e-21,0
318,North Carolina Central,319,315,240,323,306,303,268,323,319,0,2,0,1,1,4,9,12,0,0,0,0,2025,2.8680674652012263e-21,0
333,Oral Roberts,334,145,48,347,217,322,320,328,297,0,2,0,5,1,7,3,8,0,0,0,0,2025,2.7132469455003307e-21,0
358,Coppin State,359,213,107,359,270,339,362,361,362,0,3,0,5,0,4,5,12,0,0,0,0,2025,2.3055734204778228e-21,0
353,Northern Illinois,354,290,269,349,312,355,342,345,349,0,0,0,5,1,7,2,13,0,0,0,0,2025,2.238727403473615e-21,0
331,Morgan State,332,307,197,332,304,284,327,331,336,0,2,0,1,0,5,10,10,0,0,0,0,2025,1.750796482459438e-21,0
313,Rider,314,298,140,298,321,293,301,313,307,0,3,0,1,2,3,12,12,0,0,0,0,2025,1.530788317944171e-21,0
325,Long Beach State,326,121,151,324,232,334,324,303,309,0,4,0,4,2,10,3,7,0,0,0,0,2025,1.4559989537005023e-21,0
286,Houston Christian,287,183,38,300,287,292,319,278,266,0,4,0,1,1,6,9,9,0,0,0,0,2025,7.634504203255708e-22,0
291,Tennessee Tech,292,304,96,299,338,260,326,304,290,0,3,0,1,0,3,13,10,0,0,0,0,2025,7.314434448648395e-22,0
216,William & Mary,217,285,276,196,350,215,218,230,221,0,1,0,2,4,8,11,4,0,0,0,0,2025,5.477411792661641e-22,0
336,Western Illinois,337,360,323,337,347,316,340,347,342,0,0,1,1,1,5,7,13,0,0,0,0,2025,5.235415461674085e-22,0
357,Chicago State,358,144,43,355,268,362,359,362,361,0,4,0,5,0,4,4,15,0,0,0,0,2025,3.900027440135608e-22,0
261,North Florida,262,165,54,231,311,227,280,259,267,0,3,2,1,4,5,7,8,0,0,0,0,2025,3.5523116726460773e-22,0
238,Fordham,239,126,223,209,281,282,213,229,216,0,3,0,5,6,9,5,4,0,0,0,0,2025,3.543666728765808e-22,0
192,Oakland,193,117,6,171,315,216,206,177,193,0,5,1,2,5,8,9,3,0,0,0,0,2025,2.4753694402848804e-22,0
213,La Salle,214,108,200,173,289,229,165,222,209,0,5,1,5,6,6,6,3,0,0,0,0,2025,2.4500823540386676e-22,0
293,Charleston Southern,294,163,112,283,267,317,297,302,308,0,2,0,4,1,10,7,6,0,0,0,0,2025,2.3630861201276252e-22,0
272,Stephen F. Austin,273,219,116,266,332,240,277,277,286,0,3,0,2,3,2,8,10,0,0,0,0,2025,2.0211469219932302e-22,0
297,VMI,298,269,307,247,343,291,325,287,311,0,1,1,4,2,9,8,5,0,0,0,0,2025,1.8848226600386978e-22,0
219,Wright State,220,279,189,219,352,271,216,223,220,0,1,0,2,4,10,9,5,0,0,0,0,2025,1.8393330743380473e-22,0
264,Georgia State,265,174,90,249,284,264,252,266,247,0,3,0,3,1,7,12,6,0,0,0,0,2025,1.5124852936348758e-22,0
279,Long Island,280,333,225,301,364,243,291,285,280,0,2,0,0,1,2,14,12,0,0,0,0,2025,1.3624482546533516e-22,0
342,Central Arkansas,343,147,65,326,265,332,350,346,351,0,4,0,4,0,6,7,10,0,0,0,0,2025,1.0391217410947916e-22,0
329,Alcorn State,330,153,16,321,253,279,328,325,322,0,4,0,5,0,4,11,7,0,0,0,0,2025,8.076135699441074e-23,0
229,Northwestern State,230,131,18,229,314,193,279,228,227,0,4,0,4,4,3,10,5,0,0,0,0,2025,6.936954437764957e-23,0
177,Sam Houston State,178,105,57,178,323,238,205,175,156,0,4,0,6,6,8,4,1,0,0,0,0,2025,6.49758362778341e-23,0
322,Air Force,323,97,338,312,250,340,304,310,289,0,5,0,10,1,8,3,5,0,0,0,0,2025,5.895959950406796e-23,0
154,Seattle University,155,158,87,212,325,241,144,146,139,1,1,1,3,0,11,10,3,0,0,0,0,2025,5.821747153130645e-23,0
298,Southern Miss,299,258,250,297,329,327,296,297,306,0,1,0,5,1,8,8,8,0,0,0,0,2025,4.1421853493697484e-23,0
339,Stony Brook,340,273,241,325,333,344,317,332,331,0,2,0,2,2,7,5,13,0,0,0,0,2025,4.1062902461179424e-23,0
263,Jackson State,264,113,3,232,288,208,286,249,257,0,5,0,5,0,4,16,4,0,0,0,0,2025,3.3030219753031963e-23,0
248,Incarnate Word,249,286,153,257,361,237,258,248,245,0,2,0,1,0,6,13,7,0,0,0,0,2025,3.219730175999834e-23,0
351,NJIT,352,339,322,360,359,361,346,353,353,0,1,0,2,0,8,5,14,0,0,0,0,2025,2.296946947814237e-23,0
171,California Baptist,172,215,202,190,358,194,166,167,155,0,3,0,5,4,5,13,2,0,0,0,0,2025,1.8601050275449793e-23,0
338,Wagner,339,322,161,335,344,251,312,344,340,0,1,0,2,1,1,9,12,0,0,0,0,2025,1.710938115603832e-23,0
226,Pepperdine,227,89,169,254,316,239,238,216,199,0,9,2,4,1,3,9,6,0,0,0,0,2025,1.071356278487741e-23,0
363,Mississippi Valley State,364,104,2,365,301,354,364,364,364,0,8,0,1,0,1,1,18,0,0,0,0,2025,9.463683742503428e-24,0
200,UTSA,201,125,95,226,339,252,186,191,181,1,2,0,7,3,4,6,6,0,0,0,0,2025,8.325784685869506e-24,0
257,Monmouth,258,205,109,252,302,287,242,267,260,0,2,0,2,3,12,10,4,0,0,0,0,2025,6.241183811487561e-24,0
332,North Carolina A&T,333,243,179,336,310,349,323,335,339,0,3,0,1,1,12,5,9,0,0,0,0,2025,5.867794664863286e-24,0
205,Valparaiso,206,149,239,200,342,255,203,212,219,0,2,1,7,4,6,8,4,0,0,0,0,2025,5.770315393035965e-24,0
278,Western Michigan,279,224,154,274,348,298,305,293,281,0,2,1,3,2,6,8,9,0,0,0,0,2025,5.0826081897573775e-24,0
355,Prairie View A&M,356,179,29,362,319,360,357,357,357,0,4,0,3,0,4,4,16,0,0,0,0,2025,3.261442699508625e-24,0
266,Charlotte,267,207,317,276,307,320,219,257,262,0,2,0,4,2,12,8,4,0,0,0,0,2025,2.4171972092980833e-24,0
361,The Citadel,362,270,308,356,341,356,360,356,360,0,1,0,4,0,10,1,10,0,0,0,0,2025,1.6467745895424897e-24,0
312,Lindenwood,313,268,37,295,356,250,332,326,320,0,3,0,0,1,4,12,10,0,0,0,0,2025,1.049486115423809e-24,0
210,Seton Hall,211,55,198,240,326,253,150,206,217,1,9,1,9,2,4,3,3,0,0,0,0,2025,6.2782870131104065e-25,0
224,Miami (FL),225,69,99,251,300,263,119,192,185,0,8,0,9,3,4,4,3,0,0,0,0,2025,5.9605422134220885e-25,0
347,Cal State Fullerton,348,110,89,329,282,337,355,351,354,0,3,0,7,1,8,3,8,0,0,0,0,2025,4.833750035509927e-25,0
345,New Orleans,346,116,24,344,309,348,353,349,350,0,6,0,2,2,6,2,13,0,0,0,0,2025,2.312235822682633e-25,0
360,Maryland Eastern Shore,361,120,21,357,297,338,361,358,359,0,5,0,0,0,7,2,13,0,0,0,0,2025,2.2308484939568633e-25,0
243,Cal State Bakersfield,244,195,345,235,362,272,254,239,255,0,2,0,4,3,9,9,4,0,0,0,0,2025,2.120870567331269e-25,0
244,Missouri State,245,160,280,269,334,328,237,245,207,0,1,1,7,2,10,4,5,0,0,0,0,2025,2.0868165368471704e-25,0
344,West Georgia,345,252,214,346,346,352,343,348,343,0,1,0,4,0,9,5,11,0,0,0,0,2025,2.0445789608473875e-25,0
287,Portland,288,102,305,265,317,246,310,269,251,0,6,0,4,2,6,8,4,0,0,0,0,2025,1.3506993955020468e-25,0
196,Wyoming,197,85,177,215,353,211,199,185,189,0,7,1,6,2,5,8,2,0,0,0,0,2025,9.668615117440995e-26,0
284,Texas Southern,285,177,14,294,340,232,283,280,282,0,4,0,3,0,3,12,7,0,0,0,0,2025,4.631942846600727e-26,0
324,Grambling State,325,201,15,340,354,321,313,319,323,0,5,0,0,0,4,9,13,0,0,0,0,2025,2.110901431225807e-26,0
300,Weber State,301,246,156,318,345,326,250,300,291,0,1,0,4,1,9,8,8,0,0,0,0,2025,2.0727970058115236e-26,0
346,South Carolina Upstate,347,221,190,339,360,359,339,339,334,0,2,0,3,0,10,3,11,0,0,0,0,2025,1.3237371525578544e-26,0
337,Green Bay,338,220,113,352,351,363,337,334,330,0,2,0,3,0,13,4,9,0,0,0,0,2025,3.157961835357452e-27,0
334,East Texas A&M,335,151,58,343,357,347,349,330,332,0,5,0,1,0,8,5,12,0,0,0,0,2025,1.2587655239675358e-27,0
301,Tarleton State,302,118,47,278,335,273,294,286,285,0,4,0,4,1,8,8,4,0,0,0,0,2025,7.653008246895349e-28,0
308,Utah Tech,309,161,120,334,363,350,318,301,298,0,3,0,3,0,13,5,7,0,0,0,0,2025,5.939340902036259e-29,0
341,Western Carolina,342,130,27,303,349,314,341,338,341,0,3,0,5,1,9,4,5,0,0,0,0,2025,5.711448326545288e-29,0
